INSERT INTO `customer` (`id`, `first_name`, `last_name`, `email`) VALUES (1, 'Howard', 'Hermann', 'paul26@hotmail.com');
INSERT INTO `customer` (`id`, `first_name`, `last_name`, `email`) VALUES (2, 'Ettie', 'Hahn', 'alfred.haley@gmail.com');
INSERT INTO `customer` (`id`, `first_name`, `last_name`, `email`) VALUES (3, 'Elyse', 'Auer', 'reinger.evelyn@hotmail.com');
INSERT INTO `customer` (`id`, `first_name`, `last_name`, `email`) VALUES (4, 'Hailee', 'Glover', 'steuber.janiya@gmail.com');
INSERT INTO `customer` (`id`, `first_name`, `last_name`, `email`) VALUES (5, 'Giovanny', 'Hintz', 'amosciski@yahoo.com');
INSERT INTO `customer` (`id`, `first_name`, `last_name`, `email`) VALUES (6, 'Triston', 'Lesch', 'kali.romaguera@yahoo.com');
INSERT INTO `customer` (`id`, `first_name`, `last_name`, `email`) VALUES (7, 'Jess', 'Johns', 'jordyn.macejkovic@yahoo.com');
INSERT INTO `customer` (`id`, `first_name`, `last_name`, `email`) VALUES (8, 'Joannie', 'Schoen', 'novella.terry@gmail.com');
INSERT INTO `customer` (`id`, `first_name`, `last_name`, `email`) VALUES (9, 'Kariane', 'Schuster', 'chelsey50@yahoo.com');
INSERT INTO `customer` (`id`, `first_name`, `last_name`, `email`) VALUES (10, 'Janice', 'Zemlak', 'fabbott@hotmail.com');
INSERT INTO `customer` (`id`, `first_name`, `last_name`, `email`) VALUES (11, 'Abel', 'Heller', 'zmorar@hotmail.com');
INSERT INTO `customer` (`id`, `first_name`, `last_name`, `email`) VALUES (12, 'Hilbert', 'Schamberger', 'lysanne.carter@hotmail.com');
INSERT INTO `customer` (`id`, `first_name`, `last_name`, `email`) VALUES (13, 'Janiya', 'Lemke', 'sstehr@yahoo.com');
INSERT INTO `customer` (`id`, `first_name`, `last_name`, `email`) VALUES (14, 'Arlo', 'Lehner', 'thea.moore@hotmail.com');
INSERT INTO `customer` (`id`, `first_name`, `last_name`, `email`) VALUES (15, 'Maybelle', 'Green', 'pamela.murphy@hotmail.com');
INSERT INTO `customer` (`id`, `first_name`, `last_name`, `email`) VALUES (16, 'Lavada', 'Blanda', 'cbeatty@yahoo.com');
INSERT INTO `customer` (`id`, `first_name`, `last_name`, `email`) VALUES (17, 'Alexandria', 'Jacobson', 'gyundt@yahoo.com');
INSERT INTO `customer` (`id`, `first_name`, `last_name`, `email`) VALUES (18, 'Keegan', 'Emard', 'garland77@hotmail.com');
INSERT INTO `customer` (`id`, `first_name`, `last_name`, `email`) VALUES (19, 'Lizeth', 'Green', 'bernhard.fay@hotmail.com');
INSERT INTO `customer` (`id`, `first_name`, `last_name`, `email`) VALUES (20, 'Myrtle', 'Borer', 'libbie.strosin@yahoo.com');
INSERT INTO `customer` (`id`, `first_name`, `last_name`, `email`) VALUES (21, 'Elfrieda', 'Casper', 'tledner@gmail.com');
INSERT INTO `customer` (`id`, `first_name`, `last_name`, `email`) VALUES (22, 'Tamara', 'Stamm', 'dschamberger@yahoo.com');
INSERT INTO `customer` (`id`, `first_name`, `last_name`, `email`) VALUES (23, 'Krystal', 'Upton', 'ahirthe@gmail.com');
INSERT INTO `customer` (`id`, `first_name`, `last_name`, `email`) VALUES (24, 'Alfredo', 'Buckridge', 'harvey.patrick@hotmail.com');
INSERT INTO `customer` (`id`, `first_name`, `last_name`, `email`) VALUES (25, 'Kieran', 'Conroy', 'madyson.schowalter@hotmail.com');
INSERT INTO `customer` (`id`, `first_name`, `last_name`, `email`) VALUES (26, 'Alejandra', 'Roberts', 'wilhelm.ullrich@hotmail.com');
INSERT INTO `customer` (`id`, `first_name`, `last_name`, `email`) VALUES (27, 'Rodrigo', 'Johns', 'ila73@gmail.com');
INSERT INTO `customer` (`id`, `first_name`, `last_name`, `email`) VALUES (28, 'Allison', 'Kunze', 'valentine.waelchi@gmail.com');
INSERT INTO `customer` (`id`, `first_name`, `last_name`, `email`) VALUES (29, 'Roy', 'OHara', 'marks.claudine@gmail.com');
INSERT INTO `customer` (`id`, `first_name`, `last_name`, `email`) VALUES (30, 'Emmet', 'Bergnaum', 'marcelino13@yahoo.com');
INSERT INTO `customer` (`id`, `first_name`, `last_name`, `email`) VALUES (31, 'Thurman', 'Boyer', 'connelly.elmer@yahoo.com');
INSERT INTO `customer` (`id`, `first_name`, `last_name`, `email`) VALUES (32, 'Clifton', 'Keebler', 'lortiz@hotmail.com');
INSERT INTO `customer` (`id`, `first_name`, `last_name`, `email`) VALUES (33, 'Alene', 'Rempel', 'emerald.daugherty@hotmail.com');
INSERT INTO `customer` (`id`, `first_name`, `last_name`, `email`) VALUES (34, 'Camryn', 'Toy', 'lang.kiana@gmail.com');
INSERT INTO `customer` (`id`, `first_name`, `last_name`, `email`) VALUES (35, 'Elza', 'Schroeder', 'morissette.verla@yahoo.com');
INSERT INTO `customer` (`id`, `first_name`, `last_name`, `email`) VALUES (36, 'Felix', 'Cruickshank', 'sadye.jenkins@yahoo.com');
INSERT INTO `customer` (`id`, `first_name`, `last_name`, `email`) VALUES (37, 'Giovanny', 'Hilll', 'enid94@yahoo.com');
INSERT INTO `customer` (`id`, `first_name`, `last_name`, `email`) VALUES (38, 'Yessenia', 'Bahringer', 'anderson.marvin@hotmail.com');
INSERT INTO `customer` (`id`, `first_name`, `last_name`, `email`) VALUES (39, 'Tyra', 'Fritsch', 'gutkowski.cassidy@yahoo.com');
INSERT INTO `customer` (`id`, `first_name`, `last_name`, `email`) VALUES (40, 'Bart', 'Welch', 'francisca.hoeger@gmail.com');
INSERT INTO `customer` (`id`, `first_name`, `last_name`, `email`) VALUES (41, 'Antonietta', 'Howe', 'nader.alyson@hotmail.com');
INSERT INTO `customer` (`id`, `first_name`, `last_name`, `email`) VALUES (42, 'Penelope', 'Vandervort', 'yundt.antonina@gmail.com');
INSERT INTO `customer` (`id`, `first_name`, `last_name`, `email`) VALUES (43, 'Sabryna', 'Douglas', 'shea70@gmail.com');
INSERT INTO `customer` (`id`, `first_name`, `last_name`, `email`) VALUES (44, 'Loy', 'Price', 'rmertz@hotmail.com');
INSERT INTO `customer` (`id`, `first_name`, `last_name`, `email`) VALUES (45, 'Bruce', 'Breitenberg', 'winston92@gmail.com');
INSERT INTO `customer` (`id`, `first_name`, `last_name`, `email`) VALUES (46, 'Alanis', 'Medhurst', 'lkutch@gmail.com');
INSERT INTO `customer` (`id`, `first_name`, `last_name`, `email`) VALUES (47, 'Mozell', 'Davis', 'aurelie71@gmail.com');
INSERT INTO `customer` (`id`, `first_name`, `last_name`, `email`) VALUES (48, 'Dortha', 'Hoppe', 'hermiston.deion@gmail.com');
INSERT INTO `customer` (`id`, `first_name`, `last_name`, `email`) VALUES (49, 'Neva', 'Schowalter', 'abernhard@hotmail.com');
INSERT INTO `customer` (`id`, `first_name`, `last_name`, `email`) VALUES (50, 'Leonie', 'Heathcote', 'haley.ines@yahoo.com');

INSERT INTO `product` (`id`, `name`, `price`)
VALUES (1, 'TV', 1399.99);
INSERT INTO `product` (`id`, `name`, `price`)
VALUES (2, 'Computer', 671.89);
INSERT INTO `product` (`id`, `name`, `price`)
VALUES (3, 'Router', 30.15);
INSERT INTO `product` (`id`, `name`, `price`)
VALUES (4, 'Printer', 219.99);
INSERT INTO `product` (`id`, `name`, `price`)
VALUES (5, 'Keyboard', 126.39);

INSERT INTO `customer_product` (`customer_id`, `product_id`)
VALUES (35, 1),
       (12, 2),
       (25, 3),
       (37, 1),
       (22, 4),
       (39, 5),
       (4, 1),
       (27, 4),
       (3, 3),
       (33, 3);
INSERT INTO `customer_product` (`customer_id`, `product_id`)
VALUES (35, 4),
       (36, 3),
       (49, 1),
       (44, 2),
       (43, 1),
       (14, 5),
       (9, 2),
       (13, 4),
       (27, 1),
       (34, 2);
INSERT INTO `customer_product` (`customer_id`, `product_id`)
VALUES (36, 4),
       (23, 3),
       (5, 3),
       (44, 3),
       (48, 3),
       (2, 4),
       (31, 5),
       (24, 4),
       (34, 5),
       (14, 3);
INSERT INTO `customer_product` (`customer_id`, `product_id`)
VALUES (24, 2),
       (8, 2),
       (39, 3),
       (29, 4),
       (23, 5),
       (13, 3),
       (35, 3),
       (18, 5),
       (43, 5),
       (3, 2);
INSERT INTO `customer_product` (`customer_id`, `product_id`)
VALUES (32, 3),
       (38, 2),
       (14, 4),
       (19, 2),
       (8, 5),
       (32, 1),
       (11, 2),
       (20, 3),
       (46, 2),
       (11, 1);
INSERT INTO `customer_product` (`customer_id`, `product_id`)
VALUES (13, 2),
       (19, 4),
       (41, 4),
       (5, 2),
       (22, 5),
       (17, 2),
       (20, 4),
       (13, 1),
       (23, 2),
       (32, 2);
INSERT INTO `customer_product` (`customer_id`, `product_id`)
VALUES (10, 4),
       (36, 5),
       (28, 2),
       (3, 5),
       (47, 5),
       (44, 1),
       (10, 3),
       (6, 1),
       (30, 2),
       (47, 4);
INSERT INTO `customer_product` (`customer_id`, `product_id`)
VALUES (43, 4),
       (6, 4),
       (44, 5),
       (2, 2),
       (49, 3),
       (36, 2),
       (40, 2),
       (1, 3),
       (9, 3),
       (46, 1);
INSERT INTO `customer_product` (`customer_id`, `product_id`)
VALUES (37, 4),
       (40, 4),
       (30, 3),
       (29, 3),
       (27, 2),
       (11, 4),
       (4, 4),
       (18, 3),
       (27, 3),
       (21, 5);
INSERT INTO `customer_product` (`customer_id`, `product_id`)
VALUES (40, 1),
       (46, 4),
       (16, 3),
       (43, 3),
       (25, 3),
       (26, 3),
       (27, 4),
       (7, 5),
       (28, 4),
       (49, 4);
INSERT INTO `customer_product` (`customer_id`, `product_id`)
VALUES (46, 3),
       (43, 2),
       (41, 1),
       (25, 2),
       (49, 2),
       (42, 2),
       (45, 2),
       (33, 1),
       (6, 4),
       (37, 4);
INSERT INTO `customer_product` (`customer_id`, `product_id`)
VALUES (48, 4),
       (16, 2),
       (24, 4),
       (25, 4),
       (15, 3),
       (39, 2),
       (38, 2),
       (16, 2),
       (33, 2),
       (41, 5);
INSERT INTO `customer_product` (`customer_id`, `product_id`)
VALUES (32, 2),
       (37, 5),
       (47, 4),
       (5, 3),
       (13, 4),
       (23, 4),
       (36, 4),
       (12, 4),
       (48, 4),
       (4, 1);
INSERT INTO `customer_product` (`customer_id`, `product_id`)
VALUES (16, 4),
       (32, 5),
       (14, 2),
       (30, 1),
       (19, 5),
       (33, 5),
       (31, 2),
       (13, 5),
       (5, 4),
       (12, 3);
INSERT INTO `customer_product` (`customer_id`, `product_id`)
VALUES (45, 4),
       (39, 3),
       (29, 2),
       (26, 4),
       (41, 2),
       (12, 4),
       (14, 3),
       (33, 4),
       (47, 2),
       (44, 1);
INSERT INTO `customer_product` (`customer_id`, `product_id`)
VALUES (35, 1),
       (46, 4),
       (36, 2),
       (37, 5),
       (50, 4),
       (29, 5),
       (17, 3),
       (16, 3),
       (14, 2),
       (1, 2);
INSERT INTO `customer_product` (`customer_id`, `product_id`)
VALUES (22, 2),
       (24, 5),
       (43, 5),
       (45, 2),
       (28, 5),
       (24, 4),
       (38, 1),
       (24, 3),
       (36, 3),
       (35, 5);
INSERT INTO `customer_product` (`customer_id`, `product_id`)
VALUES (36, 2),
       (7, 3),
       (44, 1),
       (4, 3),
       (35, 2),
       (34, 2),
       (12, 2),
       (12, 3),
       (37, 1),
       (21, 3);
INSERT INTO `customer_product` (`customer_id`, `product_id`)
VALUES (3, 4),
       (43, 4),
       (42, 4),
       (24, 3),
       (2, 3),
       (10, 4),
       (20, 4),
       (40, 3),
       (6, 4),
       (26, 2);
INSERT INTO `customer_product` (`customer_id`, `product_id`)
VALUES (46, 1),
       (43, 2),
       (35, 2),
       (7, 3),
       (18, 3),
       (16, 2),
       (17, 2),
       (49, 1),
       (13, 2),
       (31, 1);


